study id,nii_path,Split,Findings
AC423f53d,merlin_data/AC423f53d.nii.gz,test,"FINDINGS:   Lower thorax: Left lower lobe subsegmental atelectasis and minor  scarring are visualized. There is partial visualization of the chest  port catheter terminating at cavoatrial junction. Similar small  pericardial effusion.   Liver and biliary tree: Marked interval increase in size and number  of innumerable hepatic metastatic lesions. Dominant segment 5 lesion  measures 4.9 x 34.0 cm (3/131), previously 2.3 x 1.5 cm. Both  intrahepatic portal veins, hepatic IVC, and hepatic veins, most  significant at the middle hepatic vein, are attenuated. New isolated  right posterior intrahepatic biliary dilatation is noted (<DATE>/78). Both  are likely due to mass effect from metastatic lesions. The liver has  increased in bulk and size currently measuring nearly 19 cm in  craniocaudal dimension, previously measuring 16 cm.   Gallbladder: Normal.   Spleen: Normal.   Pancreas: There is downstream pancreatic ductal prominence, similar  to prior comparison examinations. No definite obstructive etiology is  identified.   Adrenal glands: Normal.   Kidneys and ureters: Bilateral percutaneous nephrostomy tubes are in  situ, terminating in the inferior collecting systems. There is mild  bilateral pelviectasis, slightly improved from 3 months prior. There  is persistent proximal right ureteral distention with increased  amount of masslike soft tissue encasing the distal right ureter.  Symmetric contrast excretion is seen from the bilateral kidneys.   Gastrointestinal tract: Bowel is normal in caliber. Large stool  burden is visualized throughout colon and rectum without evidence of  frank distal colonic obstruction.   Peritoneal cavity: Interval worsening of peritoneal carcinomatosis  with increasing left upper quadrant enhancing peritoneal nodules (for  example, <DATE>) with a dominant lesion measuring 1.6 x 1.4 cm,  previously 1.3 x 0.6 cm.   Bladder: The urinary bladder is underdistended with new multifocal  enhancing nodules along the bladder wall. For example, an anterior  urinary bladder wall lesion (<DATE>) measures 1.7 x 1.3 cm.   Uterus and ovaries: Significant interval increase in size of the  enhancing pelvic mass centered in the cervix extending superiorly  into the bulky uterus and posteriorly into the anterior margin of the  rectum (3/387). There has been increasing bilateral pelvic sidewall  direct tumoral infiltration (for example, 3/367). Bilateral ovaries  are also bulky with increasing increased amount of enhancing soft  tissue components, right greater than left.   Vasculature: Infrahepatic IVC near the level of aortic bifurcation is  slitlike (3/253) likely due to enlarging anterior common iliac  metastatic node measuring 2.3 x 1.4 cm, previously 1.4 x 0.8 cm.   Lymph nodes: New upper abdominal lymphadenopathy noted. Porta hepatis  lymph node (3/166) measures 2.1 cm in short axis. Gastrohepatic  ligament node (3/114) measures 1.3 cm in short axis. Peripancreatic  node (3/163) is in close proximity to the pancreatic head and portal  splenic confluence and measures 1.8 cm short axis.   Confluent periaortic lymph node encasing the infrarenal abdominal  aorta measures 4.8 x 1.9 cm (3/206).   Abdominal wall: Normal.   Musculoskeletal: Known sacral lesion demonstrates slight increase in  sclerosis. There is redemonstration of extensive sclerotic osseous  lesions in bilateral ischia and inferior pubic rami with prior  pathologic fractures. No definite new pathologic fracture is  visualized.
1.  Significant interval disease progression with increased number  and size of hepatic metastases, increasing pelvic mass extending to  the urinary bladder and bilateral pelvic sidewalls, and worsening  peritoneal carcinomatosis and new upper abdominal/retroperitoneal  lymphadenopathy.
2.  Suspected direct invasion of the anterior rectum but without  evidence of frank distal colonic obstruction. Large stool burden  consistent with constipation.
3.  Severely attenuated hepatic vessels and isolated posterior right  intrahepatic biliary dilatation likely due to mass effect from the  numerous metastatic lesions.
4.  Similar small pericardial effusion.
5.  Slightly increased sclerosis of sacral osseous metastasis may be  posttreatment change. Otherwise, grossly stable osseous metastases of  bony pelvis without new pathologic fracture.         "
AC4240d76,merlin_data/AC4240d76.nii.gz,test,"FINDINGS:   Lower thorax: Normal.   Liver and biliary tree: Interval increase in size of multiple  hypoenhancing liver metastases compared to <DATE>. Largest lesion  in the right lobe is in segment 8 (3/52, 3.3 cm, previously 1.8 cm).  Largest lesion in the left lobe is in segment 2 (3/85, 2.5 cm,  previously 1.6 cm).   Gallbladder: Normal.   Spleen: Normal. Splenule.   Pancreas: Normal.   Adrenal glands: Normal.   Kidneys and ureters: No hydronephrosis.   Gastrointestinal tract: No evidence of bowel obstruction.   Peritoneal cavity: Small amount of abdominopelvic ascites. Extensive  omental caking and peritoneal nodularity have progressed (3/172).  Discrete right sided mesenteric implant measures up to 1.1 x 1 cm,  (3/211).   Bladder: Normal.   Prostate and seminal vesicles: Normal.   Vasculature: Patent.   Abdominal wall: Normal.   Musculoskeletal: Extensive mixed Mixed lytic and sclerotic lesions  throughout the spine and pelvis, stable since recent PET-CT. Lesions  centered in the right acetabulum with periosteal reaction and  possible superimposed pathologic fracture (<DATE>). There is soft  tissue extending to the right internal obturator. Vertebral body  heights are preserved.
1.  Interval progression of hepatic metastases, and extensive  omental/peritoneal carcinomatosis with small volume ascites.
2.  Extensive osseous metastases, stable from recent PET-CT, with  re-demonstration of right posterior acetabular pathologic fracture.   There are no substantial differences between the preliminary results  and the impressions in this final report. "
AC4245ac5,merlin_data/AC4245ac5.nii.gz,test,"FINDINGS:   Lower thorax: No focal consolidations or pleural effusions. Stable 2  mm lingular micronodule.   Liver and biliary tree: Hepatic metastases previously seen on <DATE>  examination not well visualized today. Unchanged 6 mm indeterminate  segment 6 hypodensity. Portal vein is patent. No biliary ductal  dilatation.   Gallbladder: Normal.   Spleen: Stable posterior 5 mm hypodensity.   Pancreas: Normal.   Adrenal glands: Stable size right necrotic 1.8 x 1.4 cm adrenal  lesion. Left adrenal gland unremarkable.   Kidneys and ureters: Stable size of 13.7 x 9.6 cm necrotic right  renal cell carcinoma with extension into the renal sinus and  perinephric fat. Right renal vein is patent.   Gastrointestinal tract: No evidence of bowel obstruction or focal  bowel wall thickening.   Peritoneal cavity: Interval development of left posterior perirectal  2.8 x 1.6 cm fluid collection. Left kidney is unremarkable.   Bladder: Normal.   Prostate and seminal vesicles: Normal.   Vasculature: Patent.   Lymph nodes: No enlarged lymph nodes by size criteria.   Abdominal wall: Small fat containing left inguinal hernia.   Musculoskeletal: Right posterior 6th rib with underlying 1.3 cm soft  tissue component. Additional T10 vertebral body, T12 vertebral body  superior endplate compression deformity, and right acetabulum  metastases are stable.
1.  Interval development of 2.8 x 1.6 cm left posterolateral  perirectal abscess.
2.  Unchanged size of necrotic right renal cell carcinoma with stable  adrenal and osseous metastases as detailed above.       "
AC4240834,merlin_data/AC4240834.nii.gz,test,"FINDINGS:   Lower thorax: Small left and trace right pleural effusions. Dense  peribronchial vascular opacities in the right lung base may reflect  lymphatic carcinomatosis, similar to CT study of <DATE>, with the  possibility of superimposed infection/aspiration not excluded.   Liver and biliary tree: Redemonstration of hypoattenuating lesions in  hepatic segments 5 and 6, previously characterized as hemangiomas.  Previously noted wedge-shaped perfusion defects in the hepatic  parenchyma are no longer seen. No definite new hepatic lesions are  seen.  The common bile duct is of normal caliber.   Gallbladder: Moderately distended. No radiopaque stones are seen.   Spleen: Punctate splenic calcifications may represent a splenic  granuloma. Otherwise normal appearance of the spleen..   Pancreas: Normal.   Adrenal glands: Nonspecific mild thickening of the adrenal glands.   Kidneys and ureters: There is new moderate right hydronephrosis, with  delayed enhancement of the right kidney relative to the left. There  is focal narrowing of the mid right ureter in the upper pelvis, where  it appears to be encased by a peritoneal implant (3/164). Normal  appearance of the left kidney and left ureter. No  nephroureterolithiasis.   Gastrointestinal tract: No dilated loops of small or large bowel are  seen to suggest obstruction, although multiple fluid-filled loops of  small bowel may reflect mild ileus.  Of note, there is a suggestion  of wall thickening of the sigmoid colon (3/192), which may represent  serosal peritoneal implant.   Peritoneal cavity: Interval development since <DATE> of peritoneal  carcinomatosis, with omental caking and multiple peritoneal implants.  A large region of omental cake is seen in the right hemiabdomen,  which measures approximately 13.3 x 3.7 cm (3/137). A second region  of omental cake is seen in the left hemipelvis, which measures  approximately 7.2 x 6.4 cm (3/223). There is nodular peritoneal  thickening in the left paracolic gutter (3/141) and the right  paracolic gutter (3/153). Additionally, a peritoneal implant appears  to encase the right ureter (3/162). A region of confluent peritoneal  thickening is seen in the inferior pelvis, adjacent to the rectum  (3/261). There is small-to-moderate volume malignant ascites.   Bladder: Moderately distended.   Prostate and seminal vesicles: Moderate prostatomegaly.   Vasculature: Patent.   Lymph nodes: Interval development of multiple enlarged  retroperitoneal nodes, for example a left para-aortic node measuring  20 x 18 mm (3/110), concerning for nodal metastatic disease.   Abdominal wall: Nodular soft tissue densities in the right lateral  chest wall (3/41), concerning for foci of metastatic disease. The  prominence of these nodular foci has increased compared to prior  examination.   Musculoskeletal: Redemonstration of old healed right-sided rib  fractures. Severe degenerative change of the thoracolumbar spine,  with marked disc space narrowing at L3-4 and L4-5, as well as mild  anterolisthesis of L3 on L4. Moderate spinal stenosis, with the  lumbar spinal canal narrowed to approximately 10 mm.
1.  Interval development of diffuse peritoneal carcinomatosis since  <DATE> study, with omental caking, nodular peritoneal  thickening, and malignant ascites.  No CT evidence of bowel  obstruction.
2.  New moderate right hydronephrosis, secondary to obstruction of  the right ureter by a peritoneal implant. Delayed enhancement of the  right kidney. Consider placement of nephrostomy tube for  decompression.
3.  Nodular soft tissue densities in the right chest wall, possibly  reflecting metastatic disease. Peribronchial vascular soft tissue  thickening of the right lung base may reflect lymphangitic  carcinomatosis, and appears progressed compared to prior CT dated  <DATE> but unchanged compared to CT PE protocol dated  <DATE>.   Findings discussed via telephone with <HCW> &lt;DELETED&gt; &lt;DELETED&gt; <DATE>  at <TIME>.   "
AC42441b0,merlin_data/AC42441b0.nii.gz,test,"FINDINGS:   Lower thorax: Small left pleural effusion is similar to <DATE>. Right pleural effusion has resolved since that time. There is  left dependent atelectasis. Coronary artery calcification.   Liver and biliary tree: Multiple (approximately 15) hypodense liver  lesions are new since the <DATE> and concerning for  metastases or abscesses. They do not represent simple cysts. They are  more conspicuous than on prior exam performed <DATE>.  Lesions are present in almost all hepatic lobes. Sample lesions are  as follows:  Right lobe segment 8 (<DATE>): 1.4 cm Left lobe segment 2 (<DATE>): 1.4 cm   Portal veins are patent. Splenic vein is patent. There is focal  stenosis of intrapancreatic SMV due to mass effect by large  pancreatic pseudocyst without intraluminal thrombus.   Gallbladder: Status post cholecystectomy.    Pneumobilia left hepatic lobe is unchanged from prior exam and in  keeping with given history of choledochoduodenostomy. Common bile  duct measures 1 cm without abnormal intrahepatic biliary duct  dilatation. Enhancement of the biliary epithelium of common bile duct  is nonspecific.    Spleen: Normal.   Pancreas: 2.9 x 3.4 cm hypodense pancreatic head mass obstructs the  common bile duct and main pancreatic duct with upstream dilatation  (3/175). There is a suspected duodenal invasion. Tumor staging could  better be performed with dedicated multiphase pancreas CT. Negative  for encasement of celiac axis or SMA. Negative for obvious encasement  of the SMV or portal vein.   Large rim-enhancing pseudocysts in lesser peritoneal sac and  gastrosplenic ligament have organized since prior exam. They  demonstrate rim enhancement. Internal hemorrhage present on previous  exam is no longer present. Pseudocysts exert mass effect on the  stomach. . Pseudocyst in lesser peritoneal sac likely communicates  with the main pancreatic duct in the pancreatic body. Pseudocysts are  as follows: Lesser peritoneal sac (<DATE>128): 10.3 x 16.7 cm Gastrosplenic ligament (<DATE>83): 7.5 x 10.2 cm   Adrenal glands: Normal.   Kidneys and ureters: Bilateral renal cortical cysts. Status post  right partial nephrectomy with resection of the lateral interpolar  parenchyma and placement of a fatty patch. Kidneys excrete contrast  normally without hydronephrosis.   Gastrointestinal tract: Colonic diverticulosis without  diverticulitis. Appendix is not identified. There is mass effect on  the stomach by pancreatic pseudocysts. There is also mass effect on  the transverse colon by the pseudocyst with mild wall thickening of  the transverse colon that is likely reactive. Pancreatic head mass  invades the second portion of duodenum. Patient is status post  antecolic gastrojejunostomy.   Peritoneal cavity: Small volume free intraperitoneal fluid is  decreased from prior exam. Negative for free intraperitoneal air or  peritoneal implants.   Bladder: Normal.   Prostate and seminal vesicles: Normal.   Vasculature: Patent.   Lymph nodes: Enlarged lymph nodes as follows:  Posterior mediastinum adjacent to GE junction (<DATE>38): 0.9 x 1.1 cm  Porta hepatis (<DATE>): 1.2 x 1.8 cm    Abdominal wall: Left inguinal hernia contains fluid.   Musculoskeletal: Degenerative changes in lumbar spine with curvature  convex right. Bone island at L2. Scattered pelvic bone islands..  Sclerotic lesion proximal right femur has nonaggressive imaging  features. No suspicious bone lesions.
1.  3.4 cm pancreatic head mass with invasion of the duodenum and  obstruction of the main pancreatic duct is most in keeping with  pancreatic adenocarcinoma. Patient is status post  choledochoduodenostomy for biliary bypass and gastrojejunostomy for  duodenal bypass. Local staging could better be performed with  multiphase enhanced pancreas CT.
2.  Large rim-enhancing pseudocysts in gastrosplenic ligament and  lesser peritoneal sac have organized since prior CT performed  <DATE>. Pseudocysts exert mass effect on the stomach and  transverse colon. Large pseudocyst in lesser peritoneal sac likely  communicates with the main pancreatic duct in the pancreatic body.
3.  Status post choledochoduodenostomy for biliary bypass with  pneumobilia. Nonspecific enhancement of common bile duct may be due  to surgical procedure. Correlate clinically for signs of cholangitis.
4.  Multiple hypodense liver lesions are new from <DATE>  and likely represent metastases. Differential diagnosis includes, but  is not limited to, abscesses from cholangitis.
5.  Nonspecific enlarged porta hepatis and posterior mediastinal  lymph nodes.
6.  Small volume free intraperitoneal fluid is decreased from prior  exam. Left pleural effusion is unchanged. Right pleural effusion has  resolved.   There are no substantial differences between the preliminary results  and the impressions in this final report. "
